-- --------------------------------------------------------
-- Host:                         127.0.0.1
-- Versión del servidor:         10.3.9-MariaDB - mariadb.org binary distribution
-- SO del servidor:              Win64
-- HeidiSQL Versión:             9.5.0.5196
-- --------------------------------------------------------

/*!40101 SET @OLD_CHARACTER_SET_CLIENT=@@CHARACTER_SET_CLIENT */;
/*!40101 SET NAMES utf8 */;
/*!50503 SET NAMES utf8mb4 */;
/*!40014 SET @OLD_FOREIGN_KEY_CHECKS=@@FOREIGN_KEY_CHECKS, FOREIGN_KEY_CHECKS=0 */;
/*!40101 SET @OLD_SQL_MODE=@@SQL_MODE, SQL_MODE='NO_AUTO_VALUE_ON_ZERO' */;


-- Volcando estructura de base de datos para db_demo_andgar
CREATE DATABASE IF NOT EXISTS `db_demo_andgar` /*!40100 DEFAULT CHARACTER SET utf8mb4 COLLATE utf8mb4_unicode_520_ci */;
USE `db_demo_andgar`;

-- Volcando estructura para tabla db_demo_andgar.categories
CREATE TABLE IF NOT EXISTS `categories` (
  `id` int(10) unsigned NOT NULL AUTO_INCREMENT,
  `name` varchar(255) COLLATE utf8mb4_unicode_ci NOT NULL,
  `created_at` timestamp NULL DEFAULT NULL,
  `updated_at` timestamp NULL DEFAULT NULL,
  PRIMARY KEY (`id`)
) ENGINE=InnoDB AUTO_INCREMENT=21 DEFAULT CHARSET=utf8mb4 COLLATE=utf8mb4_unicode_ci ROW_FORMAT=DYNAMIC;

-- Volcando datos para la tabla db_demo_andgar.categories: ~20 rows (aproximadamente)
/*!40000 ALTER TABLE `categories` DISABLE KEYS */;
INSERT INTO `categories` (`id`, `name`, `created_at`, `updated_at`) VALUES
	(1, 'doloremque', '2018-12-09 00:46:19', '2018-12-09 00:46:19'),
	(2, 'nam', '2018-12-09 00:46:19', '2018-12-09 00:46:19'),
	(3, 'voluptas', '2018-12-09 00:46:19', '2018-12-09 00:46:19'),
	(4, 'ratione', '2018-12-09 00:46:19', '2018-12-09 00:46:19'),
	(5, 'autem', '2018-12-09 00:46:19', '2018-12-09 00:46:19'),
	(6, 'rerum', '2018-12-09 00:46:19', '2018-12-09 00:46:19'),
	(7, 'voluptate', '2018-12-09 00:46:19', '2018-12-09 00:46:19'),
	(8, 'culpa', '2018-12-09 00:46:19', '2018-12-09 00:46:19'),
	(9, 'sed', '2018-12-09 00:46:19', '2018-12-09 00:46:19'),
	(10, 'dolor', '2018-12-09 00:46:19', '2018-12-09 00:46:19'),
	(11, 'nisi', '2018-12-09 00:46:19', '2018-12-09 00:46:19'),
	(12, 'nostrum', '2018-12-09 00:46:19', '2018-12-09 00:46:19'),
	(13, 'consequuntur', '2018-12-09 00:46:19', '2018-12-09 00:46:19'),
	(14, 'aut', '2018-12-09 00:46:19', '2018-12-09 00:46:19'),
	(15, 'ducimus', '2018-12-09 00:46:19', '2018-12-09 00:46:19'),
	(16, 'fugit', '2018-12-09 00:46:19', '2018-12-09 00:46:19'),
	(17, 'porro', '2018-12-09 00:46:19', '2018-12-09 00:46:19'),
	(18, 'iure', '2018-12-09 00:46:19', '2018-12-09 00:46:19'),
	(19, 'hic', '2018-12-09 00:46:20', '2018-12-09 00:46:20'),
	(20, 'rem', '2018-12-09 00:46:20', '2018-12-09 00:46:20');
/*!40000 ALTER TABLE `categories` ENABLE KEYS */;

-- Volcando estructura para tabla db_demo_andgar.migrations
CREATE TABLE IF NOT EXISTS `migrations` (
  `id` int(10) unsigned NOT NULL AUTO_INCREMENT,
  `migration` varchar(255) COLLATE utf8mb4_unicode_ci NOT NULL,
  `batch` int(11) NOT NULL,
  PRIMARY KEY (`id`)
) ENGINE=InnoDB AUTO_INCREMENT=5 DEFAULT CHARSET=utf8mb4 COLLATE=utf8mb4_unicode_ci ROW_FORMAT=DYNAMIC;

-- Volcando datos para la tabla db_demo_andgar.migrations: ~4 rows (aproximadamente)
/*!40000 ALTER TABLE `migrations` DISABLE KEYS */;
INSERT INTO `migrations` (`id`, `migration`, `batch`) VALUES
	(1, '2014_10_12_000000_create_users_table', 1),
	(2, '2014_10_12_100000_create_password_resets_table', 1),
	(3, '2018_12_08_211325_create_categories_table', 1),
	(4, '2018_12_08_211436_create_restaurants_table', 1);
/*!40000 ALTER TABLE `migrations` ENABLE KEYS */;

-- Volcando estructura para tabla db_demo_andgar.password_resets
CREATE TABLE IF NOT EXISTS `password_resets` (
  `email` varchar(255) COLLATE utf8mb4_unicode_ci NOT NULL,
  `token` varchar(255) COLLATE utf8mb4_unicode_ci NOT NULL,
  `created_at` timestamp NULL DEFAULT NULL,
  KEY `password_resets_email_index` (`email`)
) ENGINE=InnoDB DEFAULT CHARSET=utf8mb4 COLLATE=utf8mb4_unicode_ci ROW_FORMAT=DYNAMIC;

-- Volcando datos para la tabla db_demo_andgar.password_resets: ~0 rows (aproximadamente)
/*!40000 ALTER TABLE `password_resets` DISABLE KEYS */;
/*!40000 ALTER TABLE `password_resets` ENABLE KEYS */;

-- Volcando estructura para tabla db_demo_andgar.restaurants
CREATE TABLE IF NOT EXISTS `restaurants` (
  `id` int(10) unsigned NOT NULL AUTO_INCREMENT,
  `category_id` int(10) unsigned NOT NULL,
  `name` varchar(255) COLLATE utf8mb4_unicode_ci NOT NULL,
  `telephone` varchar(255) COLLATE utf8mb4_unicode_ci NOT NULL,
  `address` varchar(255) COLLATE utf8mb4_unicode_ci NOT NULL,
  `city` varchar(255) COLLATE utf8mb4_unicode_ci NOT NULL,
  `schedule_day` varchar(255) COLLATE utf8mb4_unicode_ci NOT NULL,
  `schedule_time` varchar(255) COLLATE utf8mb4_unicode_ci NOT NULL,
  `description` text COLLATE utf8mb4_unicode_ci NOT NULL,
  `img_path` text COLLATE utf8mb4_unicode_ci NOT NULL,
  `created_at` timestamp NULL DEFAULT NULL,
  `updated_at` timestamp NULL DEFAULT NULL,
  PRIMARY KEY (`id`),
  KEY `restaurants_category_id_index` (`category_id`),
  CONSTRAINT `restaurants_category_id_foreign` FOREIGN KEY (`category_id`) REFERENCES `categories` (`id`)
) ENGINE=InnoDB AUTO_INCREMENT=121 DEFAULT CHARSET=utf8mb4 COLLATE=utf8mb4_unicode_ci ROW_FORMAT=DYNAMIC;

-- Volcando datos para la tabla db_demo_andgar.restaurants: ~120 rows (aproximadamente)
/*!40000 ALTER TABLE `restaurants` DISABLE KEYS */;
INSERT INTO `restaurants` (`id`, `category_id`, `name`, `telephone`, `address`, `city`, `schedule_day`, `schedule_time`, `description`, `img_path`, `created_at`, `updated_at`) VALUES
	(1, 3, 'Sauceda y Anguiano e Hija', '+34 662-41-5715', 'Avinguda Zarate, 0, 96º E, 17088, San Preciado', 'Vall Carrión de la Sierra', 'Thursday - Saturday', '12:10 - 19:40', 'Eveniet libero est pariatur recusandae fugit voluptates. Consequuntur a voluptatem sunt earum. Id veniam dolor quo. Vitae fugit iste doloribus dolorem hic quia.', 'https://lorempixel.com/640/480/?10810', '2018-12-09 00:46:20', '2018-12-09 00:46:20'),
	(2, 10, 'Flórez-Rosado', '+34 926 603299', 'Paseo Sofía, 2, Entre suelo 4º, 48627, Soliz de Lemos', 'Villa Esquibel', 'Wednesday - Saturday', '09:38 - 17:06', 'Aut enim dolor quo dolor optio repellat. Qui rerum illo error. Quo iste repellendus quisquam ut minus qui aut.', 'https://lorempixel.com/640/480/?41939', '2018-12-09 00:46:20', '2018-12-09 00:46:20'),
	(3, 16, 'Gestora Negrón', '+34 952-884114', 'Plaza De la Torre, 87, 49º E, 87648, Vall Saiz del Pozo', 'San Pereira Alta', 'Monday - Sunday', '14:10 - 17:54', 'Eligendi eos in cupiditate ut molestiae voluptas. Veniam culpa et voluptatem quia atque. Qui ducimus quo non molestiae veritatis praesentium exercitationem voluptatem. Ipsam beatae ipsa dolor esse.', 'https://lorempixel.com/640/480/?37883', '2018-12-09 00:46:20', '2018-12-09 00:46:20'),
	(4, 10, 'Jasso-Leiva e Hija', '+34 689288517', 'Plaça Gaona, 53, 12º C, 49404, Elizondo del Barco', 'La Sisneros del Mirador', 'Saturday - Tuesday', '01:44 - 10:13', 'Sit recusandae blanditiis sunt. Molestiae adipisci alias molestiae fugiat et mollitia eveniet laudantium. Ut expedita et corporis eius.', 'https://lorempixel.com/640/480/?64413', '2018-12-09 00:46:20', '2018-12-09 00:46:20'),
	(5, 4, 'Valdés y Carranza SA', '602 97 5043', 'Avinguda Diego, 51, 49º 4º, 93684, As Matías Medio', 'As Villarreal', 'Friday - Tuesday', '20:54 - 10:31', 'Vel quae rem voluptatem accusamus voluptatem ut. Nulla recusandae sint quo perferendis id. Natus et ad ullam. Veritatis id earum odio quidem.', 'https://lorempixel.com/640/480/?34333', '2018-12-09 00:46:20', '2018-12-09 00:46:20'),
	(6, 18, 'Air Rosales', '+34 634-946561', 'Travessera Toro, 874, 6º 3º, 65411, A Villaseñor de la Sierra', 'Os Concepción de las Torres', 'Wednesday - Monday', '02:54 - 13:53', 'Reiciendis veritatis consectetur odit aliquam et doloribus. Error est modi accusantium magni. Labore alias autem non est recusandae facilis nisi.', 'https://lorempixel.com/640/480/?65478', '2018-12-09 00:46:21', '2018-12-09 00:46:21'),
	(7, 5, 'Treviño y Tijerina SRL', '+34 658-55-1472', 'Paseo José, 38, 89º 4º, 42317, Casas del Puerto', 'Os Lorente del Penedès', 'Tuesday - Saturday', '15:38 - 21:50', 'Soluta numquam velit et quam cupiditate perspiciatis. Rerum molestiae molestiae ut atque labore. Similique quia vero qui nemo provident.', 'https://lorempixel.com/640/480/?70928', '2018-12-09 00:46:21', '2018-12-09 00:46:21'),
	(8, 8, 'Portillo y Luna', '966 750723', 'Travessera Alaniz, 599, Ático 8º, 86202, Os Oliva', 'San Carreón del Pozo', 'Friday - Saturday', '00:45 - 09:23', 'Aut odit ut tempore cum earum dolores quia esse. Est eum accusamus dolorem est tempore. Et voluptatibus velit ipsa eveniet eum architecto exercitationem.', 'https://lorempixel.com/640/480/?59816', '2018-12-09 00:46:21', '2018-12-09 00:46:21'),
	(9, 18, 'Montalvo y Guzmán', '+34 641 011221', 'Calle Carlos, 42, 8º B, 92394, Medrano del Vallès', 'Mateos de Ulla', 'Thursday - Monday', '06:59 - 04:16', 'Et corporis et ut consequatur. Quia deleniti est voluptates asperiores. Reprehenderit debitis cupiditate veritatis. Aperiam cupiditate ea enim placeat distinctio sapiente ut.', 'https://lorempixel.com/640/480/?31767', '2018-12-09 00:46:21', '2018-12-09 00:46:21'),
	(10, 16, 'Grupo Leyva-Pelayo', '+34 968-796958', 'Paseo Plaza, 0, 85º D, 89235, Los Quiroz', 'San Santillán del Bages', 'Thursday - Monday', '23:35 - 07:20', 'Molestiae tempore quaerat aut. Architecto laudantium dolore dolorem reprehenderit aut repellendus quam. Non voluptatibus tenetur iste consequatur rem sapiente perferendis. Corrupti optio aliquam voluptas harum quibusdam earum.', 'https://lorempixel.com/640/480/?17727', '2018-12-09 00:46:21', '2018-12-09 00:46:21'),
	(11, 14, 'Lovato-Gaona e Hija', '+34 995641218', 'Travesía Tirado, 5, Entre suelo 3º, 08280, Os Simón Baja', 'El Adame de las Torres', 'Friday - Wednesday', '00:09 - 15:08', 'Architecto maxime nisi omnis corrupti necessitatibus et sint. Suscipit tempore temporibus impedit quis aut consequatur fuga. Quod quia non velit id. Vel fugit ut tempore et doloremque.', 'https://lorempixel.com/640/480/?89597', '2018-12-09 00:46:21', '2018-12-09 00:46:21'),
	(12, 6, 'Arguello de Delatorre y Flia.', '672-133097', 'Avinguda Pastor, 886, Ático 0º, 96800, A Vicente Baja', 'O Jiménez de Arriba', 'Saturday - Sunday', '12:00 - 04:43', 'Facilis id tempore sed aut. Quisquam voluptas nisi enim et minus dolores. Magni a temporibus autem iure eius quisquam rerum est.', 'https://lorempixel.com/640/480/?68300', '2018-12-09 00:46:21', '2018-12-09 00:46:21'),
	(13, 7, 'Morán y Ruiz e Hija', '642-55-1634', 'Ruela Cabán, 4, 50º F, 17026, Cavazos del Puerto', 'Carrasquillo del Vallès', 'Wednesday - Tuesday', '01:31 - 02:51', 'Nam optio cumque quasi et consequatur voluptates et. Ut architecto sed ut ut nostrum.', 'https://lorempixel.com/640/480/?44969', '2018-12-09 00:46:21', '2018-12-09 00:46:21'),
	(14, 10, 'Gestora Zepeda', '+34 683-39-9348', 'Camino Mario, 477, 12º F, 78481, A Izquierdo', 'Hurtado del Bages', 'Monday - Friday', '07:00 - 08:38', 'Sed exercitationem et et in et qui temporibus. Dolores nesciunt rem ducimus ut voluptas amet deserunt. Et voluptate odit nisi qui veniam ut velit. Non delectus perferendis quasi qui voluptatibus sit dolores.', 'https://lorempixel.com/640/480/?37051', '2018-12-09 00:46:21', '2018-12-09 00:46:21'),
	(15, 1, 'Saavedra de Acosta', '+34 948913292', 'Avenida Cantú, 011, Bajos, 35326, San Cabán', 'Villa Luque del Mirador', 'Wednesday - Thursday', '12:32 - 01:48', 'Sed debitis quis quis nisi sapiente quos harum. Ipsam ut nihil praesentium nihil. In minus maiores porro et placeat necessitatibus suscipit. Nemo officiis provident perferendis at dolor.', 'https://lorempixel.com/640/480/?47600', '2018-12-09 00:46:21', '2018-12-09 00:46:21'),
	(16, 19, 'Grupo Aponte SRL', '+34 637 394202', 'Rúa Raya, 032, 95º C, 97580, Ruvalcaba del Pozo', 'Armas de Lemos', 'Wednesday - Saturday', '19:23 - 14:52', 'Consequatur ut perferendis accusamus necessitatibus ut. Voluptatibus iste animi voluptates reiciendis. Hic ab aut sint voluptatem rem eos eligendi. Reprehenderit aliquid et quia minima tempora ratione voluptatem. Magnam iure et nobis minima impedit corporis.', 'https://lorempixel.com/640/480/?86897', '2018-12-09 00:46:21', '2018-12-09 00:46:21'),
	(17, 19, 'Jiménez, Madrigal y Gracia S. de H.', '+34 905 41 3576', 'Camino Iker, 7, Bajo 5º, 69484, Os Expósito del Pozo', 'Marrero del Puerto', 'Tuesday - Tuesday', '04:12 - 16:39', 'Impedit placeat iste voluptate placeat. Consequatur qui similique ipsa voluptatem sunt dolorum. Architecto praesentium doloremque mollitia ut nihil.', 'https://lorempixel.com/640/480/?69632', '2018-12-09 00:46:21', '2018-12-09 00:46:21'),
	(18, 18, 'Arellano y Más e Hijos', '+34 905 557933', 'Travessera Cornejo, 98, Ático 9º, 47906, As Gallego del Barco', 'Olvera del Penedès', 'Friday - Saturday', '00:44 - 05:27', 'Similique dolores ut tenetur deserunt. Ipsa saepe iusto totam. Adipisci vel in aut repellat et eaque quod. Qui id tempora occaecati quidem autem.', 'https://lorempixel.com/640/480/?87383', '2018-12-09 00:46:21', '2018-12-09 00:46:21'),
	(19, 18, 'Air Badillo', '+34 687-744523', 'Passeig Arce, 41, 9º B, 88520, O Lovato del Bages', 'Os Velásquez del Bages', 'Friday - Sunday', '15:59 - 18:12', 'Sit quia cupiditate sequi iure ut. Ad ea excepturi fugiat ut necessitatibus. Totam accusantium laboriosam veniam eos aut explicabo. Ut expedita non et consequatur consectetur.', 'https://lorempixel.com/640/480/?35724', '2018-12-09 00:46:21', '2018-12-09 00:46:21'),
	(20, 8, 'Global Villalpando y Flia.', '984-75-9635', 'Carrer Samuel, 0, Bajo 1º, 75167, Las Palomo del Vallès', 'Os Roybal Baja', 'Friday - Tuesday', '02:39 - 04:11', 'Libero quisquam ratione libero. Aut ullam aut est quia accusamus eos. Et ratione perferendis cupiditate qui placeat laborum ipsum.', 'https://lorempixel.com/640/480/?68353', '2018-12-09 00:46:21', '2018-12-09 00:46:21'),
	(21, 7, 'Lozada y Adame', '627 99 5372', 'Passeig Aya, 7, 5º C, 92626, Hurtado de la Sierra', 'A Collazo del Penedès', 'Tuesday - Wednesday', '17:34 - 12:20', 'Hic dolorem cumque ea esse omnis. Et in sint consequatur ratione laboriosam enim qui. Optio id vitae non ipsam. Eveniet accusamus quia iure fugiat.', 'https://lorempixel.com/640/480/?33828', '2018-12-09 00:46:21', '2018-12-09 00:46:21'),
	(22, 2, 'Mendoza-Delagarza y Flia.', '+34 602520351', 'Calle Berta, 14, 34º A, 77384, Los Izquierdo del Bages', 'O Alaniz', 'Thursday - Monday', '21:22 - 08:31', 'Architecto ea esse accusantium tenetur. Voluptatem et est quis enim deleniti doloremque. Tempore deleniti et assumenda qui ut. Tenetur odit nisi aliquam ipsum laborum quae est.', 'https://lorempixel.com/640/480/?96259', '2018-12-09 00:46:21', '2018-12-09 00:46:21'),
	(23, 1, 'Aguilar y Requena y Flia.', '912143625', 'Ruela Alexandra, 86, 30º E, 13793, Las Asensio', 'Vall Espinosa', 'Saturday - Wednesday', '08:24 - 06:07', 'Corrupti sunt quia ex quos. In aut ut velit cum voluptate magnam. Consequatur exercitationem atque fuga nisi. Similique neque dolores provident sapiente aut aut.', 'https://lorempixel.com/640/480/?93802', '2018-12-09 00:46:21', '2018-12-09 00:46:21'),
	(24, 12, 'Corporación Abeyta', '653-41-5035', 'Avinguda Leal, 2, Bajo 9º, 82497, Granado del Bages', 'Las Pedroza', 'Monday - Friday', '22:38 - 15:42', 'Vel sint voluptas neque nulla sunt est. Blanditiis ut voluptatum sed aliquam. Omnis odio repudiandae eveniet et et.', 'https://lorempixel.com/640/480/?72506', '2018-12-09 00:46:21', '2018-12-09 00:46:21'),
	(25, 5, 'Véliz, Curiel y Villar S. de H.', '+34 921-594507', 'Ronda Francisco Javier, 576, 04º C, 88551, San Colón', 'A Hernándes del Bages', 'Sunday - Wednesday', '16:57 - 21:20', 'Vel rerum accusantium vel nulla dolor. Quos omnis fuga similique quia repellat. Consequatur fugiat quod nam occaecati. Dolorum quisquam ut vero enim adipisci incidunt.', 'https://lorempixel.com/640/480/?69820', '2018-12-09 00:46:21', '2018-12-09 00:46:21'),
	(26, 11, 'Pozo de Rangel', '953-616120', 'Ruela Lucas, 394, 79º E, 95539, Os Cano de Lemos', 'Márquez del Mirador', 'Thursday - Saturday', '16:07 - 10:58', 'Eveniet itaque dolor nam. Magni ea quisquam est quod blanditiis. Molestias itaque et est velit nihil. Velit esse voluptatem suscipit totam. Rerum est est ut consequuntur possimus.', 'https://lorempixel.com/640/480/?83821', '2018-12-09 00:46:21', '2018-12-09 00:46:21'),
	(27, 12, 'Global Bernal', '+34 657-54-5395', 'Camino José Manuel, 0, 66º A, 33010, Vall Llamas del Bages', 'Las Alvarado', 'Thursday - Sunday', '05:41 - 02:01', 'Fugiat qui odio doloremque et magni. Adipisci nostrum dolore qui accusamus odit voluptates veritatis. Neque est unde distinctio dolorem. Dicta ipsam dolorem sapiente.', 'https://lorempixel.com/640/480/?50134', '2018-12-09 00:46:21', '2018-12-09 00:46:21'),
	(28, 20, 'Castellano-Mares e Hija', '908-52-7606', 'Plaça Lozano, 863, 0º B, 39301, Las Riojas', 'Tafoya del Bages', 'Sunday - Thursday', '09:06 - 08:31', 'Perspiciatis et aut magnam quas id. Velit assumenda neque quibusdam dignissimos est excepturi ratione. Qui aut atque rem in corrupti odio in.', 'https://lorempixel.com/640/480/?94799', '2018-12-09 00:46:22', '2018-12-09 00:46:22'),
	(29, 18, 'Villagómez, Carrillo y Tejeda y Flia.', '936-711665', 'Paseo Carrillo, 76, 64º A, 64863, San Delagarza del Barco', 'La Márquez de la Sierra', 'Wednesday - Sunday', '01:23 - 05:28', 'Quo dolore mollitia eveniet rerum maiores. Accusamus velit debitis quos omnis commodi nobis. Beatae id ipsa perferendis aut nulla. Asperiores magnam id repudiandae.', 'https://lorempixel.com/640/480/?84166', '2018-12-09 00:46:22', '2018-12-09 00:46:22'),
	(30, 9, 'de Jesús de Barrera e Hijos', '+34 667 77 8778', 'Avinguda Pardo, 126, 3º C, 10091, Los Robles', 'Pichardo de Arriba', 'Thursday - Monday', '07:26 - 12:09', 'Et ullam qui quis dolorum adipisci sequi. Aut beatae sunt aut tempore. Suscipit voluptatem eius hic ut quam enim ex laboriosam. Qui nesciunt vero dignissimos quia necessitatibus impedit nesciunt dolorem.', 'https://lorempixel.com/640/480/?90316', '2018-12-09 00:46:22', '2018-12-09 00:46:22'),
	(31, 8, 'Centro Villagómez-Esteban', '+34 956-176429', 'Praza Ana, 8, 2º D, 96161, Canales Baja', 'La Irizarry del Puerto', 'Tuesday - Friday', '02:20 - 11:53', 'Doloremque consequatur assumenda pariatur voluptatum sed distinctio commodi. Suscipit quis neque impedit quaerat et placeat.', 'https://lorempixel.com/640/480/?33349', '2018-12-09 00:46:22', '2018-12-09 00:46:22'),
	(32, 2, 'Empresa Pizarro SRL', '+34 609-213702', 'Plaça Alberto, 14, 9º B, 35920, Carrasco de Ulla', 'Alfaro Baja', 'Friday - Monday', '18:03 - 21:19', 'Repudiandae officiis qui placeat neque similique molestiae nemo. Sapiente reprehenderit aspernatur sit dolor sunt. Neque perferendis odit voluptate omnis qui dolores.', 'https://lorempixel.com/640/480/?82553', '2018-12-09 00:46:22', '2018-12-09 00:46:22'),
	(33, 7, 'Moreno de Vela SRL', '696-546590', 'Plaza Hernándes, 69, 47º C, 95361, O Simón del Vallès', 'O Pérez Medio', 'Monday - Thursday', '10:31 - 21:41', 'Quae dolore voluptas distinctio aut sint eos. Id eaque accusamus incidunt quae ipsum consequatur. Voluptates porro accusamus non. Debitis nisi unde sint atque aspernatur recusandae.', 'https://lorempixel.com/640/480/?20234', '2018-12-09 00:46:22', '2018-12-09 00:46:22'),
	(34, 6, 'Millán y Orosco y Flia.', '614 89 6743', 'Travesía Domenech, 65, Ático 2º, 63647, Cárdenas del Pozo', 'Vall Trujillo', 'Wednesday - Thursday', '05:13 - 00:20', 'Vel omnis omnis eaque omnis consectetur quo autem. Hic autem rerum aut quia. Minus consequatur aliquam nihil ea deserunt unde aperiam eos.', 'https://lorempixel.com/640/480/?32294', '2018-12-09 00:46:22', '2018-12-09 00:46:22'),
	(35, 10, 'Tapia-Gamboa', '+34 680-094329', 'Calle Venegas, 214, 79º D, 44637, Rivero de Arriba', 'As Velasco Medio', 'Thursday - Friday', '09:09 - 03:45', 'Dicta sunt iusto debitis ipsum omnis error neque laborum. Et modi temporibus ipsa sapiente autem. Fugiat sit optio voluptatem dolorem.', 'https://lorempixel.com/640/480/?10736', '2018-12-09 00:46:22', '2018-12-09 00:46:22'),
	(36, 4, 'Valenzuela-Estrada', '+34 940 656745', 'Avenida Román, 79, 2º C, 85356, O Gimeno del Vallès', 'Os Carrera', 'Sunday - Monday', '04:12 - 02:45', 'Rem accusamus eos sapiente explicabo sequi nesciunt. Iste est voluptas qui quaerat non et tenetur. Placeat porro maxime ab ad ut error. Exercitationem asperiores ad iste beatae qui id dolores id.', 'https://lorempixel.com/640/480/?71932', '2018-12-09 00:46:22', '2018-12-09 00:46:22'),
	(37, 13, 'Crespo de Correa y Asoc.', '997 826399', 'Plaça Lozano, 59, 33º F, 70848, Las Valdés', 'Las Oquendo', 'Thursday - Thursday', '09:41 - 16:04', 'Quibusdam commodi nihil quis ut. Ullam facilis libero qui incidunt et est.', 'https://lorempixel.com/640/480/?10517', '2018-12-09 00:46:22', '2018-12-09 00:46:22'),
	(38, 12, 'Grupo Matías-Saucedo', '986 44 3530', 'Travesía Barreto, 2, 4º E, 99213, As Ortíz del Puerto', 'San Escalante Baja', 'Saturday - Monday', '12:05 - 06:02', 'Quod molestias et perspiciatis quae eum aut odio. Exercitationem debitis quisquam similique aut exercitationem. Quos repudiandae in autem dolores aut. Quo quo doloremque esse itaque necessitatibus et excepturi asperiores.', 'https://lorempixel.com/640/480/?14471', '2018-12-09 00:46:22', '2018-12-09 00:46:22'),
	(39, 4, 'Cano de Chacón', '+34 649-551937', 'Avenida Malak, 53, 70º F, 45547, Os Martínez de Lemos', 'O Valenzuela', 'Monday - Tuesday', '13:07 - 14:50', 'Totam quaerat eaque vel ut. Culpa voluptatum veritatis in ratione. Sint accusantium quis quod et eius temporibus. Ea autem expedita amet vitae molestiae. Ducimus quia placeat pariatur fuga laudantium omnis.', 'https://lorempixel.com/640/480/?90828', '2018-12-09 00:46:22', '2018-12-09 00:46:22'),
	(40, 10, 'Montaño de Narváez y Flia.', '+34 632-580252', 'Camino Corrales, 655, 2º D, 24361, As Montero', 'As Parra del Barco', 'Sunday - Sunday', '12:58 - 13:20', 'Ea possimus est modi quas quos exercitationem. Earum placeat aperiam dolorem quam molestiae. Accusantium sunt impedit numquam iure.', 'https://lorempixel.com/640/480/?19057', '2018-12-09 00:46:22', '2018-12-09 00:46:22'),
	(41, 2, 'Robledo-Valverde', '692-47-4361', 'Travesía Valencia, 0, 2º C, 00126, A Altamirano', 'Las Cruz del Mirador', 'Saturday - Friday', '13:09 - 06:40', 'Ea nulla voluptas pariatur et aut perferendis. Doloribus eum recusandae dignissimos.', 'https://lorempixel.com/640/480/?74952', '2018-12-09 00:46:22', '2018-12-09 00:46:22'),
	(42, 14, 'Martín de Laboy e Hijos', '924-58-9985', 'Avenida Álvaro, 408, Ático 8º, 33028, A Flores Medio', 'Villa Cotto de Lemos', 'Thursday - Friday', '15:29 - 22:16', 'Quam sapiente quam ut. Non ea quo distinctio rem iste. Nulla nihil est ut et. Fugiat aut et fuga aut.', 'https://lorempixel.com/640/480/?38173', '2018-12-09 00:46:22', '2018-12-09 00:46:22'),
	(43, 3, 'Márquez y Quezada', '+34 634-45-5164', 'Plaça Adame, 3, 6º E, 97192, Martos de Ulla', 'Os Jaramillo', 'Saturday - Wednesday', '20:09 - 01:28', 'Nemo voluptatem qui quibusdam quibusdam repudiandae consequatur. Ut eveniet quia sint error assumenda tenetur occaecati enim. Ut quis dolorem maiores.', 'https://lorempixel.com/640/480/?30892', '2018-12-09 00:46:22', '2018-12-09 00:46:22'),
	(44, 12, 'Arce y Barroso S. de H.', '+34 948 620029', 'Camino Marc, 766, 49º B, 08424, Cazares del Mirador', 'O Olmos Alta', 'Saturday - Thursday', '10:23 - 15:58', 'Expedita accusamus voluptate quaerat quas maxime et aut. Et molestias omnis sit sit qui natus alias. Rerum est animi et. Iure qui aut aut eveniet in aliquid beatae.', 'https://lorempixel.com/640/480/?71266', '2018-12-09 00:46:22', '2018-12-09 00:46:22'),
	(45, 6, 'Global Gaitán', '+34 698101489', 'Ronda Lozada, 09, Bajo 6º, 38058, O Tórrez Baja', 'Las Gonzáles del Mirador', 'Sunday - Saturday', '00:04 - 15:21', 'Veniam sequi reiciendis non quidem ex ratione deserunt. Dolores illo qui eos totam ipsum ut. Veritatis dignissimos et dolorem enim et. Distinctio illo voluptas alias non ea nihil.', 'https://lorempixel.com/640/480/?57145', '2018-12-09 00:46:22', '2018-12-09 00:46:22'),
	(46, 8, 'Grupo Alfonso-Flores', '+34 927 71 9064', 'Camino Omar, 164, 7º 6º, 81097, Las Rueda de San Pedro', 'Rincón del Barco', 'Saturday - Wednesday', '15:40 - 08:28', 'Fuga est repellendus quis eos perspiciatis dolores. Eum beatae consequuntur non non illo velit. Et iste dolores quis dicta iste tenetur. Sed veniam sit dolor vel qui deserunt odio.', 'https://lorempixel.com/640/480/?77445', '2018-12-09 00:46:22', '2018-12-09 00:46:22'),
	(47, 16, 'Sauceda de Cobo SA', '+34 918-604845', 'Avenida José, 1, Bajo 2º, 05615, Las Lemus de Lemos', 'Negrete de Arriba', 'Friday - Sunday', '17:28 - 07:32', 'Tenetur et pariatur libero et officia beatae recusandae. Hic fugit libero voluptatem numquam recusandae laboriosam sed. Qui aut eaque et corrupti. Aperiam iusto est cupiditate corrupti sed sed ullam.', 'https://lorempixel.com/640/480/?61973', '2018-12-09 00:46:22', '2018-12-09 00:46:22'),
	(48, 16, 'Patiño-Mayorga', '902 992752', 'Ronda Esquivel, 06, 3º C, 71414, La Morán Alta', 'As Orellana', 'Thursday - Saturday', '09:09 - 01:11', 'Ut neque aliquam est qui quis adipisci. Nisi earum rerum optio sequi esse nostrum iste. Necessitatibus quibusdam ea quo. Dignissimos aut placeat qui necessitatibus et.', 'https://lorempixel.com/640/480/?64191', '2018-12-09 00:46:22', '2018-12-09 00:46:22'),
	(49, 3, 'Gestora Manzano y Asoc.', '924-705086', 'Passeig Fernando, 7, 2º C, 57288, Vall Razo', 'La Gaitán', 'Thursday - Saturday', '03:27 - 23:36', 'Id qui rerum et repellendus. Fugiat perspiciatis eligendi vero aut labore laboriosam rem optio. Veniam eligendi quia rerum aut. Quia natus explicabo voluptates odio veniam quod iure.', 'https://lorempixel.com/640/480/?52814', '2018-12-09 00:46:23', '2018-12-09 00:46:23'),
	(50, 20, 'Corporación Cruz-Vaca', '+34 612 77 9328', 'Avinguda Saavedra, 85, Bajo 8º, 98529, La Pastor', 'San Zambrano', 'Saturday - Sunday', '15:29 - 00:53', 'Ipsam eum atque ex velit ducimus ut nostrum vel. Dolorem natus voluptates dolores quam et ullam dignissimos.', 'https://lorempixel.com/640/480/?29843', '2018-12-09 00:46:23', '2018-12-09 00:46:23'),
	(51, 12, 'Muñiz, Meza y Ontiveros e Hija', '936 12 9595', 'Camino Diego, 1, 8º, 22369, Villa Lovato de Ulla', 'Conde del Bages', 'Tuesday - Wednesday', '11:29 - 03:45', 'Et dicta qui ea omnis incidunt quasi dolorum. Nesciunt dolor ipsam omnis unde quo. In rem inventore inventore eius deserunt aut. Est dolores eligendi molestiae autem quia reiciendis vero.', 'https://lorempixel.com/640/480/?73665', '2018-12-09 00:46:23', '2018-12-09 00:46:23'),
	(52, 7, 'Más de Ontiveros', '+34 907-138459', 'Praza Anaya, 22, 4º C, 43507, Vall Solano', 'A Garay del Vallès', 'Thursday - Wednesday', '20:02 - 17:06', 'Quia voluptatibus nemo maxime. Est magnam velit et amet illum quia. Aut et aliquam unde autem atque a ratione. Quaerat eveniet voluptatem voluptas atque qui magnam dolore.', 'https://lorempixel.com/640/480/?90361', '2018-12-09 00:46:23', '2018-12-09 00:46:23'),
	(53, 1, 'Grupo Prieto SRL', '+34 946 098985', 'Travessera Casas, 02, 9º A, 29525, Vall Gaytán del Puerto', 'As Rodríquez del Penedès', 'Friday - Monday', '09:39 - 22:49', 'Id accusamus asperiores repudiandae necessitatibus eos laboriosam autem. Quidem et quidem amet quis aut officiis quia. Dicta et porro expedita maxime sit.', 'https://lorempixel.com/640/480/?54560', '2018-12-09 00:46:23', '2018-12-09 00:46:23'),
	(54, 7, 'Sancho, Plaza y Tamayo e Hijos', '+34 977 446140', 'Rúa Raquel, 3, 8º 8º, 90360, Os Abeyta', 'A Valenzuela', 'Sunday - Saturday', '04:37 - 07:16', 'Ut atque est debitis sequi cum ducimus natus. Veritatis illo occaecati debitis qui. Mollitia error officia quas esse repellat. Corrupti dolores odio illo.', 'https://lorempixel.com/640/480/?13867', '2018-12-09 00:46:23', '2018-12-09 00:46:23'),
	(55, 10, 'Velasco y Agosto SRL', '+34 643-417544', 'Paseo Saúl, 0, 9º E, 99776, Casillas del Mirador', 'O Carmona de Arriba', 'Sunday - Tuesday', '17:43 - 20:57', 'Deserunt at sint labore voluptate et illum. Voluptatem iure aperiam aut error dolores. Occaecati molestiae qui qui sint ducimus aut aut. Modi nisi ipsa dolorem maxime.', 'https://lorempixel.com/640/480/?66790', '2018-12-09 00:46:23', '2018-12-09 00:46:23'),
	(56, 13, 'Ferrer y Uribe S. de H.', '656 81 8892', 'Carrer Marc, 148, 52º B, 68398, Vall Ibarra', 'As Domingo del Bages', 'Tuesday - Wednesday', '14:58 - 19:04', 'Voluptas vero ut esse et. Vel quia cumque qui ea. Molestias necessitatibus laudantium ut rerum.', 'https://lorempixel.com/640/480/?81484', '2018-12-09 00:46:23', '2018-12-09 00:46:23'),
	(57, 12, 'Caro-Reyes e Hijos', '+34 650399764', 'Rúa Deleón, 37, 80º B, 98228, Moya del Puerto', 'Roig de Arriba', 'Tuesday - Friday', '20:12 - 05:08', 'Dolorem autem voluptatibus ad velit qui voluptas. Harum blanditiis adipisci aut autem eum. Nobis aut et velit in vel vitae. Autem praesentium possimus qui provident magni nobis.', 'https://lorempixel.com/640/480/?49867', '2018-12-09 00:46:23', '2018-12-09 00:46:23'),
	(58, 3, 'Zavala de Méndez', '+34 626925394', 'Ronda Nayara, 6, 7º A, 32880, La Millán Baja', 'As Alfaro Alta', 'Wednesday - Monday', '05:10 - 08:48', 'Odio suscipit enim error corrupti sed. Cupiditate voluptas natus soluta aut. Sapiente vel iusto quasi sunt ratione corporis cupiditate. Dolores architecto nemo exercitationem ut.', 'https://lorempixel.com/640/480/?62004', '2018-12-09 00:46:23', '2018-12-09 00:46:23'),
	(59, 9, 'Campos, Cervántez y Olivárez e Hijos', '+34 959-31-1165', 'Plaza Juan José, 21, 7º B, 18900, La Venegas de Ulla', 'L\' Corral de las Torres', 'Saturday - Sunday', '16:10 - 21:31', 'Vel consequatur vel fuga et. Debitis et debitis dolor quaerat. Error ipsum officiis omnis et asperiores sequi.', 'https://lorempixel.com/640/480/?93466', '2018-12-09 00:46:23', '2018-12-09 00:46:23'),
	(60, 10, 'Morán, Moya y Jáquez e Hija', '985-890081', 'Travesía Escobedo, 8, 1º B, 36888, Villa Anguiano', 'O Regalado Medio', 'Thursday - Wednesday', '13:06 - 11:51', 'Fuga est laboriosam et voluptatem soluta. Et nihil minus ea voluptas. Enim nobis qui sed totam et qui.', 'https://lorempixel.com/640/480/?77070', '2018-12-09 00:46:23', '2018-12-09 00:46:23'),
	(61, 19, 'Correa y Prieto', '689 680879', 'Camiño Ceja, 30, Entre suelo 4º, 11133, Rubio de San Pedro', 'Aguilar del Mirador', 'Tuesday - Thursday', '19:44 - 15:42', 'Est quibusdam nulla sunt hic. Eaque nihil quis numquam unde animi. Qui similique minus repellat vel.', 'https://lorempixel.com/640/480/?40058', '2018-12-09 00:46:23', '2018-12-09 00:46:23'),
	(62, 16, 'Collazo, Salcedo y Zelaya e Hija', '+34 673 910081', 'Plaza Mateo, 7, 05º 1º, 25610, Vall Orozco', 'Gonzáles de la Sierra', 'Friday - Sunday', '22:51 - 01:15', 'Expedita et dolores quisquam fuga. Praesentium modi consequatur nemo rerum placeat aspernatur voluptatum. Pariatur quis incidunt deserunt consectetur sed nulla.', 'https://lorempixel.com/640/480/?50365', '2018-12-09 00:46:23', '2018-12-09 00:46:23'),
	(63, 5, 'Abreu, Palomo y Aragón e Hija', '699 777853', 'Calle Escribano, 05, 15º C, 81601, L\' Garica', 'Villa Escribano Medio', 'Thursday - Sunday', '15:15 - 08:53', 'Maxime illo repudiandae aut molestiae velit saepe nisi. Aliquid rerum maxime consequatur explicabo neque. Molestiae et eos maxime occaecati nostrum.', 'https://lorempixel.com/640/480/?63569', '2018-12-09 00:46:23', '2018-12-09 00:46:23'),
	(64, 5, 'De la Torre de Báez', '942 60 0518', 'Travessera Alexia, 409, 6º 3º, 97774, A Hernádez', 'El Alicea', 'Wednesday - Saturday', '22:22 - 16:08', 'Quis similique nobis et ut eum vitae. Quas modi id consequatur eius dolorum est. Velit in nobis assumenda et. Vero voluptate esse suscipit delectus aut quia.', 'https://lorempixel.com/640/480/?96935', '2018-12-09 00:46:23', '2018-12-09 00:46:23'),
	(65, 17, 'Sánchez de Pineda e Hija', '+34 646 785051', 'Passeig Macías, 416, Bajo 0º, 72203, San Ibarra del Puerto', 'Meraz de San Pedro', 'Wednesday - Tuesday', '23:14 - 21:27', 'Sunt deleniti fugiat dolorum nesciunt est. Minima aut voluptatem praesentium ea eos. Deserunt dignissimos nulla cum ipsa quia.', 'https://lorempixel.com/640/480/?29006', '2018-12-09 00:46:23', '2018-12-09 00:46:23'),
	(66, 16, 'Empresa Mora', '+34 621-116069', 'Praza Parra, 48, 26º A, 44221, As Soler de las Torres', 'A Espinoza del Penedès', 'Tuesday - Wednesday', '19:01 - 04:05', 'Et asperiores et facilis assumenda. Placeat sint excepturi est distinctio recusandae. Soluta a totam fugit minus. Et dolorem veniam ipsum quos sint impedit.', 'https://lorempixel.com/640/480/?93899', '2018-12-09 00:46:23', '2018-12-09 00:46:23'),
	(67, 14, 'Santos y Luna', '977-088234', 'Camino Hurtado, 65, Ático 3º, 73961, Flores de Ulla', 'Ruvalcaba del Bages', 'Sunday - Saturday', '19:24 - 11:34', 'Quia animi iste itaque pariatur veniam ratione occaecati. Amet dolorem in eos. Officiis numquam minus iure tempore quibusdam nihil.', 'https://lorempixel.com/640/480/?69809', '2018-12-09 00:46:23', '2018-12-09 00:46:23'),
	(68, 7, 'Espinal y Linares S. de H.', '+34 634057263', 'Rúa Roberto, 779, Bajos, 47596, Barrios del Barco', 'Simón de las Torres', 'Wednesday - Thursday', '00:54 - 07:09', 'Iure qui omnis saepe cum consectetur doloribus. Dolorum cumque est repellat qui repudiandae ut optio. Ducimus deleniti quia quis vel fuga sunt.', 'https://lorempixel.com/640/480/?19571', '2018-12-09 00:46:23', '2018-12-09 00:46:23'),
	(69, 19, 'Calero y Ruelas SA', '901-639056', 'Praza Pérez, 458, 0º B, 56616, Villa Naranjo Baja', 'Caballero de San Pedro', 'Saturday - Saturday', '15:50 - 15:32', 'Ducimus qui maiores consequuntur et atque aliquid doloribus deleniti. Vel distinctio veniam nulla. Asperiores rem explicabo iusto ut. Libero numquam qui corrupti voluptatum voluptates fuga nulla eos.', 'https://lorempixel.com/640/480/?36357', '2018-12-09 00:46:24', '2018-12-09 00:46:24'),
	(70, 6, 'Vidal-Requena SA', '+34 940-81-1483', 'Avenida Venegas, 155, 38º C, 94028, Araña Alta', 'Sisneros de la Sierra', 'Wednesday - Sunday', '16:19 - 15:43', 'Id quibusdam possimus dolorum voluptas quo quae id. Est voluptatum mollitia debitis voluptatum non occaecati. Officiis quia officia molestias.', 'https://lorempixel.com/640/480/?79264', '2018-12-09 00:46:24', '2018-12-09 00:46:24'),
	(71, 6, 'Valenzuela, Fierro y Díez S. de H.', '653444364', 'Avinguda Correa, 880, Ático 1º, 56626, O Casillas Alta', 'San Badillo Baja', 'Wednesday - Saturday', '17:21 - 22:23', 'Culpa veritatis quis ipsum ab labore. Est in consectetur voluptate rerum. Recusandae rerum ipsa minima minus corporis est amet rerum. Ut eum dignissimos quos.', 'https://lorempixel.com/640/480/?31398', '2018-12-09 00:46:24', '2018-12-09 00:46:24'),
	(72, 7, 'Asociación Mesa', '938274155', 'Travesía Más, 927, 57º C, 57059, As Gutiérrez', 'Vall Olmos del Bages', 'Sunday - Thursday', '10:15 - 23:06', 'Occaecati voluptatem et quam qui quidem qui enim. Suscipit pariatur voluptatum reiciendis explicabo quasi et. Nostrum est fugit sit veritatis totam eveniet optio.', 'https://lorempixel.com/640/480/?50014', '2018-12-09 00:46:24', '2018-12-09 00:46:24'),
	(73, 8, 'Ceja-Rueda', '638-80-4550', 'Praza Delgado, 386, 88º B, 46735, San Alfonso de la Sierra', 'Villa Ramírez', 'Wednesday - Wednesday', '05:41 - 10:01', 'Pariatur consequatur modi voluptas et. Occaecati tempora earum consequuntur provident corrupti molestiae quam. Doloremque voluptate ut qui molestiae maxime doloremque.', 'https://lorempixel.com/640/480/?31102', '2018-12-09 00:46:24', '2018-12-09 00:46:24'),
	(74, 7, 'Marcos-Reynoso e Hijos', '+34 669-909504', 'Ronda Iván, 3, 8º F, 76012, San Borrego', 'Gaitán de la Sierra', 'Friday - Saturday', '05:16 - 01:54', 'Porro eos et assumenda autem cupiditate dolorum assumenda. Quas quos eum ea enim nulla voluptatem. Exercitationem quos aperiam ipsam magnam voluptas nulla quisquam. Architecto explicabo odit et ea officiis porro reprehenderit.', 'https://lorempixel.com/640/480/?66385', '2018-12-09 00:46:24', '2018-12-09 00:46:24'),
	(75, 3, 'Viajes Almaráz', '997 054399', 'Paseo Ignacio, 882, Bajos, 06954, Padilla Medio', 'La Rascón de Arriba', 'Wednesday - Thursday', '08:25 - 18:24', 'Mollitia ut eos quod voluptate rerum fuga laboriosam aut. Quibusdam et debitis hic enim odit nobis error. Ad aut beatae est.', 'https://lorempixel.com/640/480/?73002', '2018-12-09 00:46:24', '2018-12-09 00:46:24'),
	(76, 15, 'Pulido-Mares', '941 09 8266', 'Plaza Gálvez, 7, 7º, 71842, A Nieves de San Pedro', 'Las Miranda del Bages', 'Tuesday - Sunday', '16:35 - 02:54', 'Qui repudiandae tenetur saepe et quas. Doloribus unde explicabo aut qui minus neque nihil. Iste ducimus reiciendis et ea tenetur.', 'https://lorempixel.com/640/480/?56839', '2018-12-09 00:46:24', '2018-12-09 00:46:24'),
	(77, 7, 'Raya y Almanza SRL', '998769485', 'Camiño Asier, 011, Bajos, 25635, Los Moreno de Lemos', 'Vall Morán del Pozo', 'Thursday - Saturday', '16:55 - 15:15', 'Repellat non eveniet quia sed temporibus laudantium. Illo accusamus voluptates molestiae quisquam. Aut maiores aut voluptatibus id vero laudantium. Sunt voluptates dolores minima placeat dolorem. Rem tempore et dicta adipisci ullam veritatis ab.', 'https://lorempixel.com/640/480/?73044', '2018-12-09 00:46:24', '2018-12-09 00:46:24'),
	(78, 2, 'Badillo de Galván', '+34 944-78-9715', 'Rúa Victoria, 646, 7º F, 37193, La Gurule del Vallès', 'Villa Serrato', 'Wednesday - Thursday', '12:37 - 13:48', 'Molestiae impedit aut ut dolorem voluptatibus et. Illo nostrum ut voluptatem minus. Sit quos eum eaque perferendis molestiae modi.', 'https://lorempixel.com/640/480/?19077', '2018-12-09 00:46:24', '2018-12-09 00:46:24'),
	(79, 4, 'Briones de Oquendo', '938 87 6867', 'Carrer Ortega, 880, 9º, 97169, Baca de San Pedro', 'Cabán de Arriba', 'Monday - Wednesday', '00:28 - 18:09', 'Sit numquam sint et incidunt ab et velit. Doloribus maxime rem nihil sit et perspiciatis nihil. Occaecati laudantium quis autem rerum. Nostrum minima id culpa deleniti accusamus. Nostrum dolores ipsum voluptates ratione nemo alias.', 'https://lorempixel.com/640/480/?16974', '2018-12-09 00:46:24', '2018-12-09 00:46:24'),
	(80, 13, 'Ávila-Aguado', '670-78-4134', 'Camino Alexia, 85, 58º B, 97867, Los Santillán', 'San Gimeno Medio', 'Friday - Sunday', '18:48 - 08:07', 'Voluptas nihil esse ut at quis tempore perspiciatis. Sint cupiditate occaecati accusamus fugit enim aut. Non vel vero vel qui est aut. Est harum autem impedit sunt vel.', 'https://lorempixel.com/640/480/?12663', '2018-12-09 00:46:24', '2018-12-09 00:46:24'),
	(81, 15, 'Cantú-Partida', '+34 623-18-5116', 'Paseo José, 897, 5º A, 59580, Zayas de Arriba', 'La Fierro de Arriba', 'Saturday - Sunday', '10:17 - 12:00', 'Omnis sit sunt odio tenetur iusto inventore tenetur. Impedit quo delectus odit voluptatem sed. Quidem aspernatur provident dolor neque in. Et maiores doloribus voluptatem distinctio corporis.', 'https://lorempixel.com/640/480/?10791', '2018-12-09 00:46:24', '2018-12-09 00:46:24'),
	(82, 6, 'Matías y Ulloa', '+34 620-879292', 'Travessera Aguado, 05, Bajos, 86769, Bonilla del Penedès', 'As López', 'Saturday - Friday', '02:00 - 15:40', 'Explicabo eius voluptas dolores in. In ratione iste totam cupiditate exercitationem. Ea alias consequatur illo ducimus est nam.', 'https://lorempixel.com/640/480/?83716', '2018-12-09 00:46:24', '2018-12-09 00:46:24'),
	(83, 8, 'Candelaria de Valdés', '+34 999586132', 'Plaza Lucía, 9, 74º E, 07079, A Palomo Baja', 'La Abad de Lemos', 'Monday - Monday', '01:36 - 07:06', 'Aut laborum atque ea. Aperiam qui provident ad non. Pariatur unde assumenda vel autem.', 'https://lorempixel.com/640/480/?25896', '2018-12-09 00:46:24', '2018-12-09 00:46:24'),
	(84, 17, 'Monroy-Menéndez SRL', '915-65-1135', 'Avenida Iker, 649, 88º F, 48004, Alvarado del Barco', 'Vall Nieto de Arriba', 'Friday - Sunday', '04:54 - 10:23', 'Alias ratione quia excepturi assumenda rerum. Dolorem harum repellat et ea officiis ut veniam nihil. Est adipisci modi ea laboriosam sequi dolores dolor.', 'https://lorempixel.com/640/480/?65832', '2018-12-09 00:46:24', '2018-12-09 00:46:24'),
	(85, 4, 'Global Salcido', '660-92-4845', 'Travesía Sandra, 9, 56º C, 37017, Os Rincón del Puerto', 'Enríquez Medio', 'Sunday - Saturday', '19:24 - 13:39', 'Quam corrupti aliquam nam vero. Vitae et tempore accusantium placeat. Non placeat velit distinctio libero. Iure amet aut similique voluptate. In qui nihil quis rerum qui iusto blanditiis.', 'https://lorempixel.com/640/480/?42794', '2018-12-09 00:46:24', '2018-12-09 00:46:24'),
	(86, 5, 'Air Ordoñez-Nieto', '997-98-7698', 'Travesía Villa, 57, 7º 9º, 89502, Villa Salcido', 'Polanco de la Sierra', 'Sunday - Friday', '20:50 - 05:13', 'Qui aperiam ab et nihil. Cum nemo adipisci placeat voluptatem eum velit nemo. Eius quia minus illo optio eius illo deleniti. Aut reprehenderit illum fugit ex libero qui.', 'https://lorempixel.com/640/480/?15175', '2018-12-09 00:46:24', '2018-12-09 00:46:24'),
	(87, 4, 'Sancho de Roldán', '+34 930 260893', 'Praza Alarcón, 94, 0º F, 57653, Jaimes de Ulla', 'Villa Gallardo', 'Friday - Wednesday', '17:29 - 13:30', 'Quam voluptas quasi blanditiis quae necessitatibus praesentium. Officia repellat laudantium quibusdam voluptatem voluptas nobis eos. Cumque maiores eum animi porro assumenda eos et ipsum. Dolorum non officiis quod suscipit.', 'https://lorempixel.com/640/480/?86622', '2018-12-09 00:46:24', '2018-12-09 00:46:24'),
	(88, 15, 'Villanueva-Plaza y Asoc.', '+34 942-34-7943', 'Rúa Ros, 022, Bajos, 23280, El Godínez de San Pedro', 'Lara Alta', 'Sunday - Friday', '17:05 - 09:30', 'Sunt exercitationem qui corporis nemo qui. Sit voluptatibus consequatur autem eos rem debitis omnis reprehenderit. Porro non dolor voluptatem nihil totam omnis laborum ut.', 'https://lorempixel.com/640/480/?85016', '2018-12-09 00:46:24', '2018-12-09 00:46:24'),
	(89, 10, 'Nava y Escobar y Flia.', '+34 931877216', 'Rúa Hugo, 3, 20º 5º, 52511, Villa Carvajal de Arriba', 'Niño del Bages', 'Wednesday - Monday', '04:23 - 14:02', 'Sed ut laudantium inventore veniam consequatur aperiam sapiente. Sed unde fuga quas quia dolorem suscipit ea sit. Sit ad beatae quas rem voluptatem. Ea et dicta iusto aut autem aut.', 'https://lorempixel.com/640/480/?12656', '2018-12-09 00:46:24', '2018-12-09 00:46:24'),
	(90, 1, 'Lerma y Llamas e Hija', '667463392', 'Camino Gaitán, 1, 5º F, 05210, San Naranjo Alta', 'L\' Pardo Baja', 'Saturday - Friday', '14:25 - 07:30', 'Et enim aspernatur officiis. Voluptates ipsum consequatur quam quibusdam quis magni dolor. Inventore omnis nemo architecto delectus vel qui ut quia. Veritatis eum unde ea sed est possimus vel nulla.', 'https://lorempixel.com/640/480/?79355', '2018-12-09 00:46:24', '2018-12-09 00:46:24'),
	(91, 7, 'Carrasquillo de Vanegas e Hijos', '+34 958-33-8701', 'Rúa Francisco Javier, 39, 59º F, 84539, La Briseño Baja', 'San Ávalos', 'Sunday - Sunday', '12:38 - 02:48', 'Voluptate perspiciatis illum dolores ratione. Facilis eligendi omnis consequatur. Qui voluptatibus nam officia qui aperiam libero.', 'https://lorempixel.com/640/480/?59465', '2018-12-09 00:46:24', '2018-12-09 00:46:24'),
	(92, 12, 'Ordóñez-Sosa', '+34 960808208', 'Travessera Jaime, 202, Ático 2º, 86783, Duarte Baja', 'Villa Esquibel', 'Thursday - Friday', '14:39 - 09:55', 'Magni alias amet dolorem velit ipsum debitis enim. Accusantium dolor id explicabo inventore culpa rerum nisi asperiores. In velit unde sed mollitia. Enim quia assumenda et ut voluptas fugiat delectus deleniti.', 'https://lorempixel.com/640/480/?49251', '2018-12-09 00:46:24', '2018-12-09 00:46:24'),
	(93, 14, 'Arguello y Quintero y Flia.', '659 524952', 'Calle Sanabria, 624, 6º D, 34692, Los Macias del Vallès', 'Ojeda de San Pedro', 'Sunday - Thursday', '13:56 - 13:11', 'Modi dolor aut veritatis numquam cumque et sapiente vitae. Totam cum harum inventore doloribus. Sit temporibus repellendus asperiores expedita ducimus ducimus. Similique fugiat magnam deserunt corporis.', 'https://lorempixel.com/640/480/?58922', '2018-12-09 00:46:25', '2018-12-09 00:46:25'),
	(94, 4, 'Contreras, Cuesta y Zamora e Hijo', '995424939', 'Praza Maya, 26, 31º A, 35362, Fonseca del Barco', 'As Baca', 'Thursday - Thursday', '03:43 - 18:43', 'Illum velit reiciendis dolores odio ut quia. Autem accusamus similique odio enim.', 'https://lorempixel.com/640/480/?67568', '2018-12-09 00:46:25', '2018-12-09 00:46:25'),
	(95, 13, 'Mejía-Acevedo', '+34 950-861124', 'Ronda Villa, 53, 5º 6º, 99816, Pantoja Alta', 'Vall Rolón de las Torres', 'Thursday - Tuesday', '17:37 - 09:44', 'Dolores odit enim iusto exercitationem. Velit deserunt minus quibusdam non. Error quae et sunt debitis cupiditate ut. Tempore reprehenderit facere aut quam aut.', 'https://lorempixel.com/640/480/?90546', '2018-12-09 00:46:25', '2018-12-09 00:46:25'),
	(96, 11, 'Cuesta y Carrasquillo SRL', '+34 679-00-7350', 'Ruela Vélez, 237, 7º A, 89602, La Ponce de Ulla', 'Os Nevárez', 'Sunday - Friday', '11:40 - 07:50', 'Numquam a nemo consequatur dolore doloremque occaecati. Molestiae et non temporibus illum ducimus et. Voluptatem maiores delectus accusamus consequatur corporis.', 'https://lorempixel.com/640/480/?26277', '2018-12-09 00:46:25', '2018-12-09 00:46:25'),
	(97, 15, 'Lucio-Rey e Hijo', '+34 900 12 2304', 'Passeig Francisco, 9, 5º C, 81069, As Olivo Alta', 'Os Saiz', 'Tuesday - Wednesday', '23:04 - 06:06', 'Cum quisquam animi ab quaerat quis. Mollitia beatae aliquam beatae sed.', 'https://lorempixel.com/640/480/?74807', '2018-12-09 00:46:25', '2018-12-09 00:46:25'),
	(98, 12, 'Ayala y Chacón', '+34 673-88-5499', 'Praza Jorge, 62, Bajo 9º, 66283, Tapia Baja', 'Manzano del Mirador', 'Saturday - Monday', '05:42 - 02:03', 'Inventore aut quisquam velit perferendis. Neque culpa illo et a eius laudantium dolore. Alias vel ut veritatis ipsa iste tenetur.', 'https://lorempixel.com/640/480/?54592', '2018-12-09 00:46:25', '2018-12-09 00:46:25'),
	(99, 7, 'Almonte de Marco y Asoc.', '656-13-5380', 'Paseo Contreras, 6, Entre suelo 0º, 10706, Vall Delacrúz de Ulla', 'El Leal del Pozo', 'Tuesday - Monday', '08:43 - 18:03', 'Temporibus ab fugiat laboriosam repellendus autem. Unde aperiam occaecati natus odio voluptas rerum. Excepturi reiciendis rem ut sit voluptas unde sint.', 'https://lorempixel.com/640/480/?63908', '2018-12-09 00:46:25', '2018-12-09 00:46:25'),
	(100, 17, 'Grupo Martínez', '615-067458', 'Travessera Aponte, 472, 3º, 09930, El Calero de Ulla', 'O Santana del Pozo', 'Tuesday - Friday', '20:44 - 10:11', 'Consectetur delectus amet voluptas tempore possimus modi. Ea veritatis dolorem aliquid minima omnis aut rerum praesentium. Ut vero unde minima et aspernatur consectetur.', 'https://lorempixel.com/640/480/?10195', '2018-12-09 00:46:25', '2018-12-09 00:46:25'),
	(101, 20, 'Saldivar y Montes e Hija', '+34 615-779109', 'Ronda Pedro, 471, Entre suelo 6º, 54850, O Roig del Bages', 'Pichardo del Mirador', 'Tuesday - Wednesday', '13:05 - 23:59', 'Illum minus atque laboriosam in error consequatur ut. Minima ut a minima reprehenderit similique. Nemo voluptatibus voluptate porro nisi est ullam corrupti. Quia quia est qui libero quisquam.', 'https://lorempixel.com/640/480/?83915', '2018-12-09 00:46:25', '2018-12-09 00:46:25'),
	(102, 12, 'Guajardo-Segovia e Hijos', '664914504', 'Travessera Carlos, 07, 1º, 59253, Rodrigo del Vallès', 'López del Puerto', 'Tuesday - Tuesday', '10:38 - 04:44', 'Repellendus facilis adipisci debitis magni commodi dolorem alias. Vel mollitia reiciendis ut itaque nam sint placeat qui. Non nam fuga voluptatem debitis accusamus. Fugiat sit maiores ullam repellendus.', 'https://lorempixel.com/640/480/?60577', '2018-12-09 00:46:25', '2018-12-09 00:46:25'),
	(103, 3, 'Heredia-Munguía y Asoc.', '963 00 8413', 'Plaça Ruelas, 641, 08º 8º, 01112, Alemán de la Sierra', 'El Casas de Lemos', 'Friday - Monday', '20:16 - 13:58', 'Sunt dolor eveniet ea placeat dolorem est accusamus. Ut doloremque ipsum quas optio dolor. Delectus laboriosam deleniti nostrum sint iure voluptas.', 'https://lorempixel.com/640/480/?19811', '2018-12-09 00:46:25', '2018-12-09 00:46:25'),
	(104, 6, 'Grupo Alarcón-Águilar', '+34 929 750118', 'Avenida Roig, 5, 7º E, 19696, Aguayo Alta', 'Izquierdo de las Torres', 'Thursday - Saturday', '15:26 - 06:41', 'Id id porro perspiciatis. Laudantium et qui ea repellat nihil. Impedit dolor veniam aut dicta laborum.', 'https://lorempixel.com/640/480/?87125', '2018-12-09 00:46:25', '2018-12-09 00:46:25'),
	(105, 6, 'Acuña, Soler y Tejeda SRL', '643-22-8413', 'Ruela Ureña, 5, 7º A, 07178, La Jimínez Medio', 'Vall Costa del Vallès', 'Sunday - Wednesday', '12:16 - 14:47', 'Quod id consequatur tenetur fuga rerum expedita blanditiis. Quasi qui saepe officia iusto nulla. Nihil exercitationem quibusdam ab inventore. Enim est velit nulla mollitia qui.', 'https://lorempixel.com/640/480/?72102', '2018-12-09 00:46:25', '2018-12-09 00:46:25'),
	(106, 2, 'Viajes Romero e Hija', '698-600165', 'Travessera Iker, 057, 77º A, 02722, A Escobedo de Lemos', 'Luján Baja', 'Tuesday - Wednesday', '16:09 - 15:58', 'Et aliquam occaecati dignissimos eos occaecati nobis. Quisquam facere necessitatibus ipsa sapiente omnis. Porro dolores incidunt quam corrupti nihil veniam.', 'https://lorempixel.com/640/480/?67121', '2018-12-09 00:46:25', '2018-12-09 00:46:25'),
	(107, 20, 'Air Mora', '+34 673631859', 'Passeig Julia, 2, 97º A, 45274, El Sedillo', 'Os Alicea de la Sierra', 'Wednesday - Monday', '02:59 - 12:26', 'Officiis iusto libero magni consequatur ratione in et. Nam optio ut aut consequatur inventore unde earum. Aliquam quasi nostrum saepe soluta dignissimos.', 'https://lorempixel.com/640/480/?24293', '2018-12-09 00:46:25', '2018-12-09 00:46:25'),
	(108, 16, 'Global Roca e Hija', '+34 946-932400', 'Camino Víctor, 691, 32º E, 52265, As Jaime del Puerto', 'Las Lozano', 'Sunday - Monday', '12:08 - 01:16', 'Aut omnis laudantium est harum. Et natus est consequatur ullam.', 'https://lorempixel.com/640/480/?76859', '2018-12-09 00:46:25', '2018-12-09 00:46:25'),
	(109, 6, 'Contreras, Mascareñas y Rueda e Hija', '619 157767', 'Paseo Montemayor, 9, 0º B, 55947, As Solís Alta', 'Los Blasco del Penedès', 'Wednesday - Sunday', '11:57 - 09:17', 'Amet deleniti repellat sunt aliquid voluptas beatae. Dignissimos quasi voluptatibus reprehenderit non non aut. Unde ut minima eaque vero mollitia est. Similique enim vitae et reprehenderit eos doloribus qui.', 'https://lorempixel.com/640/480/?90072', '2018-12-09 00:46:25', '2018-12-09 00:46:25'),
	(110, 7, 'Viajes Calvo-Mendoza', '652 561888', 'Rúa Ros, 70, Bajos, 50396, Roldán del Penedès', 'Las Giménez de Lemos', 'Monday - Tuesday', '19:13 - 22:26', 'Dolorem itaque ea sint sit. Expedita et quibusdam itaque ipsum. Aliquam cupiditate omnis tempora et dolor explicabo. Architecto cum earum ut aspernatur incidunt.', 'https://lorempixel.com/640/480/?75167', '2018-12-09 00:46:25', '2018-12-09 00:46:25'),
	(111, 15, 'Bañuelos de Ornelas SA', '692-840181', 'Carrer Lovato, 65, 95º A, 80282, Heredia de la Sierra', 'El Esquivel', 'Sunday - Friday', '01:55 - 05:07', 'Omnis adipisci voluptatum voluptatibus qui molestiae aut ea. Rerum illum laboriosam officia dignissimos culpa corporis. Placeat qui reiciendis voluptate consectetur officiis.', 'https://lorempixel.com/640/480/?21631', '2018-12-09 00:46:25', '2018-12-09 00:46:25'),
	(112, 11, 'Empresa Limón-Vélez', '928 23 5811', 'Plaça Raya, 211, 5º F, 82634, A Orellana', 'Las Rodrigo', 'Wednesday - Friday', '03:25 - 22:49', 'Aperiam ex voluptatum adipisci impedit non voluptas. Officia sed quaerat harum aut.', 'https://lorempixel.com/640/480/?86586', '2018-12-09 00:46:25', '2018-12-09 00:46:25'),
	(113, 19, 'Iglesias-Pacheco', '937 752860', 'Ruela Peralta, 6, 66º A, 44837, O Feliciano', 'L\' Ureña del Mirador', 'Friday - Monday', '06:42 - 02:23', 'Qui asperiores harum laboriosam cum nisi. A voluptatibus repudiandae officia a. Aspernatur dolorum impedit est sapiente.', 'https://lorempixel.com/640/480/?81691', '2018-12-09 00:46:25', '2018-12-09 00:46:25'),
	(114, 16, 'Viajes Carrión', '+34 612-760099', 'Avinguda Noa, 5, Ático 1º, 51291, A Solorzano de la Sierra', 'El Apodaca del Pozo', 'Thursday - Wednesday', '01:40 - 01:19', 'Magni incidunt aliquam minus dignissimos. Dolor eaque qui ut quisquam rem enim non. Doloribus modi sed ab vitae est sed qui. Eos totam nisi officia et.', 'https://lorempixel.com/640/480/?94069', '2018-12-09 00:46:25', '2018-12-09 00:46:25'),
	(115, 12, 'Garrido-Solís', '624-37-8532', 'Passeig Álvaro, 274, 4º A, 68252, San Prieto', 'Las Cisneros', 'Sunday - Monday', '19:50 - 15:04', 'Sint quas eum est non tenetur voluptates repellendus ipsum. Delectus quos deleniti culpa perferendis odit incidunt et. Voluptatem labore explicabo nulla et ut et rem. Occaecati sunt dolorum quo et qui.', 'https://lorempixel.com/640/480/?59251', '2018-12-09 00:46:25', '2018-12-09 00:46:25'),
	(116, 6, 'Más y Regalado', '609-62-3054', 'Travessera Juan José, 947, 1º B, 69684, Cortés del Penedès', 'Huerta Baja', 'Saturday - Friday', '17:51 - 17:56', 'At perferendis et cumque voluptatem ut. Qui neque dicta minus deserunt sed quos. Et ullam sint minima et maiores quia natus.', 'https://lorempixel.com/640/480/?17563', '2018-12-09 00:46:26', '2018-12-09 00:46:26'),
	(117, 15, 'Asociación Lázaro-Delgado', '+34 930-968885', 'Calle Pérez, 76, 2º C, 50871, L\' Becerra Medio', 'Castellano Medio', 'Saturday - Friday', '11:36 - 04:31', 'Eum fuga in recusandae excepturi occaecati. Ex maiores ut magnam. Reiciendis qui quam quia animi ea.', 'https://lorempixel.com/640/480/?76691', '2018-12-09 00:46:26', '2018-12-09 00:46:26'),
	(118, 10, 'Carrera-Portillo S. de H.', '+34 960 61 3764', 'Plaza Marcos, 472, Bajo 3º, 81560, L\' Padrón', 'Lucio de Ulla', 'Monday - Sunday', '17:16 - 20:22', 'Cupiditate in est est sed tempora qui esse dolor. Debitis repellendus minus quis sed non error.', 'https://lorempixel.com/640/480/?29901', '2018-12-09 00:46:26', '2018-12-09 00:46:26'),
	(119, 5, 'Vallejo-Ochoa', '951 430015', 'Travessera Anaya, 2, 89º D, 25652, Os Espinosa Alta', 'Lucas Alta', 'Thursday - Wednesday', '13:21 - 14:20', 'Beatae sit ut natus enim facilis nostrum. Quod et voluptas reiciendis fugit reiciendis autem. Quae ab necessitatibus officiis qui voluptatem et.', 'https://lorempixel.com/640/480/?89320', '2018-12-09 00:46:26', '2018-12-09 00:46:26'),
	(120, 17, 'De la Torre y Hurtado e Hijos', '+34 984 497682', 'Avenida Sara, 232, Bajos, 03883, Echevarría Medio', 'Conde Medio', 'Thursday - Sunday', '06:40 - 19:24', 'Illum voluptatum quis tempora aut. Repellendus ut dolorem voluptates error molestiae error. Maxime et voluptas enim ut. Aliquid et quasi placeat voluptatibus et.', 'https://lorempixel.com/640/480/?19295', '2018-12-09 00:46:26', '2018-12-09 00:46:26');
/*!40000 ALTER TABLE `restaurants` ENABLE KEYS */;

-- Volcando estructura para tabla db_demo_andgar.users
CREATE TABLE IF NOT EXISTS `users` (
  `id` int(10) unsigned NOT NULL AUTO_INCREMENT,
  `name` varchar(255) COLLATE utf8mb4_unicode_ci NOT NULL,
  `email` varchar(255) COLLATE utf8mb4_unicode_ci NOT NULL,
  `email_verified_at` timestamp NULL DEFAULT NULL,
  `password` varchar(255) COLLATE utf8mb4_unicode_ci NOT NULL,
  `remember_token` varchar(100) COLLATE utf8mb4_unicode_ci DEFAULT NULL,
  `created_at` timestamp NULL DEFAULT NULL,
  `updated_at` timestamp NULL DEFAULT NULL,
  PRIMARY KEY (`id`),
  UNIQUE KEY `users_email_unique` (`email`)
) ENGINE=InnoDB DEFAULT CHARSET=utf8mb4 COLLATE=utf8mb4_unicode_ci ROW_FORMAT=DYNAMIC;

-- Volcando datos para la tabla db_demo_andgar.users: ~0 rows (aproximadamente)
/*!40000 ALTER TABLE `users` DISABLE KEYS */;
/*!40000 ALTER TABLE `users` ENABLE KEYS */;

/*!40101 SET SQL_MODE=IFNULL(@OLD_SQL_MODE, '') */;
/*!40014 SET FOREIGN_KEY_CHECKS=IF(@OLD_FOREIGN_KEY_CHECKS IS NULL, 1, @OLD_FOREIGN_KEY_CHECKS) */;
/*!40101 SET CHARACTER_SET_CLIENT=@OLD_CHARACTER_SET_CLIENT */;
